<details>
    <details>
        <fName>Rahul</fName>
        <lName>Kumar</lName>
        <city>Supaul</city>
        <contactNo>9999988888</contactNo>
    </details>
    <details>
        <fName>Saurav</fName>
        <lName>Kumar</lName>
        <city>Chandigarh</city>
        <contactNo>8888899999</contactNo>
    </details>
    <details>
        <fName>Rajan</fName>
        <lName>Kumar</lName>
        <city>Delhi</city>
        <contactNo>9997777888</contactNo>
    </details>
    <details>
        <fName>Sagar</fName>
        <lName>Kumar</lName>
        <city>Kolkata</city>
        <contactNo>7779988777</contactNo>
    </details>
</details>